,X2,X4,X6,X9,X11,X12,X15,X17,X34,X39,X40,X42,X52,X54,X56,X58,X63,X64,X68,X72
1,0,1,9,0,0,1,1,0,0,1,1,0,0,0,1,0,9,0,1,1
2,0,1,1,1,0,0,1,1,1,0,1,0,1,1,0,1,0,0,1,0
3,0,1,1,1,9,9,1,1,9,0,1,0,1,1,9,1,0,0,1,0
4,0,1,9,0,0,1,9,0,0,1,1,0,0,0,1,0,0,0,1,1
5,1,0,0,0,1,1,0,0,0,1,0,1,0,0,1,0,1,1,0,1
6,0,1,1,1,0,0,1,9,1,0,9,0,1,1,0,1,0,0,1,0
7,0,1,0,1,0,0,1,1,1,0,1,0,9,9,9,9,0,0,1,9
8,0,1,9,0,0,1,1,0,0,1,1,0,0,0,1,0,0,0,1,1
9,0,1,9,0,0,1,1,0,0,1,1,0,0,9,1,0,0,9,1,1
10,0,1,9,0,0,1,1,0,0,1,1,0,0,0,9,0,0,0,1,1
11,0,1,1,0,0,1,1,0,0,1,0,0,0,0,1,0,0,0,1,1
12,1,0,1,1,1,0,0,1,1,0,0,1,1,0,0,1,1,1,1,0
13,1,1,0,1,1,0,0,1,1,0,9,1,1,1,0,1,9,1,1,9
14,1,0,1,0,1,2,1,0,0,2,1,1,0,0,2,0,1,1,0,2
15,1,1,0,1,1,0,0,1,1,0,0,1,9,1,0,1,1,1,1,0
16,1,0,1,0,1,2,1,0,9,2,1,9,9,0,2,0,1,1,0,2
17,0,9,0,1,0,0,1,1,1,0,1,9,1,1,0,1,0,0,1,0
18,0,1,0,1,0,0,1,1,1,0,1,9,1,1,0,1,9,0,1,0
19,1,1,0,1,0,0,9,1,9,0,1,0,1,1,0,1,0,9,1,0
20,1,0,0,1,1,0,9,1,1,0,0,1,1,1,0,1,1,9,0,0
21,9,1,2,0,1,2,1,9,0,2,1,1,0,0,2,0,1,1,1,2
22,1,1,0,1,9,0,1,1,1,0,1,0,1,1,0,1,0,0,1,0
23,1,0,0,1,1,0,0,1,1,0,0,1,1,1,0,1,1,0,0,0
24,1,1,0,1,0,0,1,0,1,0,1,0,1,1,0,9,9,0,1,9
25,0,1,1,0,0,1,1,0,9,1,1,0,0,0,1,0,0,0,1,0
26,1,0,0,1,1,0,0,1,1,0,0,1,1,1,0,9,1,1,0,0
27,0,1,1,0,0,1,1,0,0,1,1,9,0,9,1,0,9,0,1,1
28,0,1,1,0,9,1,1,0,0,1,1,1,0,9,9,0,9,0,1,1
29,0,2,2,0,1,2,1,0,0,2,1,2,9,9,2,0,1,0,1,2
30,0,1,9,0,0,1,1,0,0,1,1,1,0,0,1,0,0,0,1,9
31,0,0,0,0,1,1,0,0,0,1,0,1,9,0,1,0,1,1,0,9
32,0,0,0,0,1,1,0,9,9,1,0,9,9,0,1,0,1,1,0,1
33,1,0,1,1,1,0,0,1,1,0,0,0,1,1,0,1,1,0,9,0
34,0,0,0,0,1,1,0,0,0,1,0,1,0,0,1,0,1,1,0,9
35,1,0,1,0,2,1,0,1,1,1,0,1,1,1,1,1,2,1,0,1
36,0,1,9,1,0,1,1,0,0,1,1,1,0,0,1,0,0,1,1,1
37,0,1,2,1,1,2,1,0,1,2,1,2,0,0,2,0,1,2,1,1
38,1,0,9,0,1,0,0,1,1,0,0,0,1,1,0,1,1,0,0,0
39,1,0,1,0,1,0,0,1,1,0,0,0,1,1,0,1,1,0,9,0
40,1,9,1,0,1,0,0,1,1,9,0,0,1,1,0,1,1,0,0,1
41,1,0,1,0,2,1,0,1,1,1,0,1,1,1,1,1,2,1,0,1
42,0,0,2,1,1,2,1,0,0,2,0,1,0,0,2,0,1,2,1,2
43,0,1,1,1,1,2,1,0,0,2,0,9,0,9,2,0,1,2,1,2
44,0,0,0,0,1,1,0,0,0,1,0,1,9,9,1,0,9,1,0,9
45,0,0,0,0,1,1,0,0,0,1,0,0,0,0,1,0,1,1,0,1
46,1,0,9,0,1,0,0,1,1,0,9,0,1,1,0,1,1,0,0,0
47,1,1,0,1,0,0,1,1,1,0,1,1,1,1,9,1,0,0,1,0
48,1,0,0,0,1,0,0,1,1,0,1,0,1,1,0,1,1,0,0,0
49,1,0,0,0,1,0,0,1,1,0,1,0,1,1,0,1,1,0,0,0
50,0,1,0,1,0,0,1,1,0,0,1,1,1,1,0,1,0,0,1,0
51,0,1,1,1,0,0,1,1,0,0,1,1,1,1,0,1,0,0,1,0
52,0,2,2,2,0,1,2,1,0,1,1,2,1,1,1,1,0,1,2,1
53,2,0,1,0,2,1,0,1,2,1,1,0,1,9,1,1,2,1,0,1
54,0,2,2,2,0,1,9,1,9,1,1,2,1,1,1,1,9,1,2,1
55,9,2,2,2,0,1,2,1,9,1,1,2,1,1,1,9,0,9,2,1
56,0,2,2,2,0,1,2,1,0,1,1,2,1,1,1,1,0,1,2,1
57,0,2,2,2,0,1,2,1,0,1,1,2,1,0,1,1,0,1,2,9
58,0,2,2,2,0,1,2,1,9,9,1,2,1,1,1,1,0,1,9,1
59,1,0,0,0,1,1,0,0,1,1,0,0,0,1,1,0,1,1,0,1
60,1,1,2,1,1,2,1,0,1,2,0,1,0,1,2,0,0,2,1,2
61,1,0,1,0,1,0,0,1,1,0,1,0,1,1,0,1,1,0,0,0
62,0,1,1,1,0,1,1,0,0,1,0,1,0,0,1,9,0,1,1,1
63,1,0,1,1,1,2,1,0,1,2,1,1,9,1,2,0,1,2,1,2
64,1,9,0,0,1,0,0,1,1,0,1,0,1,9,0,1,1,0,0,0
65,9,1,1,1,0,1,1,0,0,1,0,1,0,0,1,0,1,1,1,1
66,2,0,0,0,2,1,0,1,2,1,9,0,1,2,1,1,2,1,0,1
67,2,0,1,0,2,1,0,1,2,1,2,0,2,2,1,1,2,9,0,1
68,2,0,0,0,2,1,0,1,2,1,2,0,1,9,1,1,2,1,0,1
69,0,1,1,1,0,0,1,1,0,0,0,1,9,0,0,1,0,0,1,0
70,0,1,1,1,0,1,1,0,0,1,0,1,0,9,1,0,0,0,1,1
71,0,1,1,2,0,1,2,1,0,1,0,2,1,0,1,1,0,1,2,1
72,0,1,9,1,0,1,1,0,0,1,0,1,0,0,1,0,0,1,1,1
73,0,1,0,1,0,0,1,1,0,0,0,1,1,0,0,1,0,0,1,9
74,0,1,0,1,0,0,9,1,0,0,0,1,1,0,0,1,0,0,1,0
75,0,1,9,1,0,1,1,0,0,1,0,1,0,0,1,0,0,1,1,1
76,0,1,9,1,0,1,1,0,9,1,9,1,0,0,1,9,0,1,1,1
77,0,1,0,1,0,0,1,1,9,0,0,1,1,0,0,0,0,0,1,0
78,0,1,1,1,0,1,1,0,0,1,9,1,1,9,1,0,0,1,1,1
79,0,1,1,1,0,1,1,0,0,1,0,1,1,0,1,0,0,1,1,1
80,1,9,0,0,1,0,0,1,1,9,1,0,0,1,9,1,1,0,0,0
81,1,0,0,0,1,0,0,1,9,0,1,0,0,0,0,1,1,0,0,0
82,1,0,0,0,1,0,0,1,9,0,1,0,0,0,0,1,1,0,0,0
83,1,1,1,1,1,2,1,0,1,9,0,1,1,2,2,1,1,2,1,1
84,1,0,0,0,1,0,0,1,1,0,1,0,9,0,0,1,1,0,0,0
85,0,1,1,1,0,1,1,0,0,1,0,1,1,1,1,0,0,1,1,1
86,1,0,1,0,1,0,9,1,1,0,1,0,0,0,0,1,1,0,0,0
87,0,1,0,1,0,1,1,0,0,1,9,1,1,1,1,0,0,1,9,1
88,0,1,9,1,0,1,1,0,0,1,0,1,1,1,1,0,0,1,1,1
89,1,0,1,0,1,0,0,1,1,0,1,0,0,0,0,1,1,0,0,0
90,0,1,9,1,0,0,1,1,0,0,0,1,9,0,9,0,9,0,1,0
91,1,0,1,0,1,0,0,1,1,0,1,0,0,0,0,1,1,9,0,0
92,1,0,9,0,1,0,0,1,1,0,1,0,9,0,0,1,1,9,0,0
93,0,1,0,1,0,1,1,0,0,1,9,9,1,1,1,0,0,1,1,1
94,0,1,0,1,0,1,1,0,0,1,9,1,1,1,1,0,0,1,1,1
95,1,1,1,1,1,2,1,0,1,2,1,1,1,2,2,1,1,2,9,2
96,0,1,0,1,0,1,1,0,0,1,0,1,1,1,1,0,0,1,1,1
97,1,0,1,0,1,1,0,0,1,1,1,0,0,1,1,1,1,1,0,1
98,0,1,0,1,0,1,1,0,0,1,0,1,1,1,1,0,0,1,1,1
99,0,1,0,1,0,1,1,0,0,1,0,1,1,1,1,0,0,1,1,1
100,0,1,1,1,0,1,1,0,0,1,0,1,1,1,1,9,9,1,1,1
101,1,0,1,0,1,0,0,1,1,0,1,0,0,0,9,1,9,0,0,9
102,0,1,0,1,0,0,1,1,0,0,0,1,9,9,0,0,0,9,1,0
103,0,1,0,1,0,1,1,0,0,1,0,1,1,1,1,0,0,1,1,1
104,0,1,0,1,0,1,1,9,9,1,9,9,1,1,9,0,0,1,1,9
105,0,1,0,1,0,1,1,0,0,1,0,9,1,9,1,9,0,9,1,1
106,0,1,0,1,0,0,1,1,0,0,9,1,1,0,0,0,0,0,1,0
107,1,0,1,0,1,1,0,0,0,1,1,0,0,9,1,1,1,1,9,1
108,0,2,0,2,0,1,2,1,0,1,0,2,2,1,1,0,0,1,2,1
109,2,0,1,0,2,1,0,1,2,1,2,0,0,1,1,2,2,1,0,1
110,2,0,2,0,2,1,0,1,2,1,2,0,0,1,1,2,2,1,0,1
111,0,2,1,2,0,1,2,1,0,1,0,2,2,1,1,0,0,1,2,1
112,2,0,1,0,2,1,0,1,2,1,2,0,0,1,1,2,9,1,0,1
113,2,0,9,0,2,1,0,1,1,1,2,0,0,1,1,2,2,1,0,1
114,0,1,0,1,0,1,1,0,0,1,0,1,1,1,1,0,0,1,1,1
115,1,0,9,0,1,0,0,1,1,0,1,0,9,9,0,1,1,9,0,9
116,1,0,1,0,1,0,0,1,1,0,1,0,9,0,0,1,1,9,0,0
117,1,0,1,0,1,0,0,1,1,0,1,0,9,0,9,1,1,0,0,9
118,0,1,1,1,0,9,1,1,0,0,0,1,1,0,9,0,0,0,1,0
119,0,1,1,1,0,0,1,1,0,0,0,1,1,0,0,0,0,0,1,0
120,0,1,0,1,9,0,1,1,9,0,9,1,1,0,0,0,0,0,1,0
121,0,1,0,1,0,0,1,1,0,0,0,1,1,0,0,0,0,9,1,0
122,0,1,0,1,0,0,1,1,0,0,9,9,1,0,0,0,0,0,1,0
123,0,0,1,1,0,0,1,1,0,0,0,1,1,0,0,0,0,0,1,0
124,0,1,0,1,0,0,1,1,9,0,0,1,1,1,0,0,0,0,1,0
125,1,0,1,0,1,9,0,1,1,0,9,0,0,0,0,1,1,9,0,0
126,1,0,9,0,1,0,0,1,1,0,1,0,0,9,0,1,1,0,9,0
127,1,9,1,0,1,0,0,1,1,0,1,0,0,0,0,1,1,0,0,0
128,1,0,1,9,1,0,0,1,1,0,1,0,0,0,9,1,1,0,0,0
129,1,9,1,0,1,0,0,1,1,0,1,0,0,0,0,9,1,0,0,0
130,1,0,9,0,1,0,0,1,1,0,9,9,0,9,9,0,1,9,0,0
131,1,0,1,0,1,0,0,1,1,0,1,0,0,0,0,1,1,0,0,0
132,1,0,0,0,1,1,0,0,1,1,1,9,0,1,1,1,1,1,0,1
133,1,9,1,0,1,0,0,1,1,0,1,0,0,0,0,1,1,9,9,0
134,1,0,0,0,9,1,0,0,1,1,1,0,9,1,1,1,1,1,0,1
135,1,9,0,0,1,1,0,0,1,1,1,9,0,9,9,1,1,1,9,1
136,0,1,0,1,0,0,1,1,0,0,0,1,1,0,0,0,9,0,1,0
137,1,0,0,0,1,1,0,0,1,1,1,0,0,1,1,1,1,1,0,9
138,1,9,0,0,1,1,0,0,1,1,1,0,0,9,1,1,1,1,0,1
139,1,0,0,0,1,1,0,0,1,1,1,0,0,1,1,1,1,1,0,1
140,1,9,0,0,1,1,0,0,1,1,1,0,0,1,1,1,1,1,0,1
141,1,0,0,0,1,1,0,0,1,1,1,0,0,1,1,1,1,1,0,1
142,1,0,0,0,1,1,0,0,1,1,1,0,0,1,1,1,1,1,0,1
143,1,0,0,0,1,1,0,0,1,1,1,0,0,9,1,1,1,1,0,1
144,1,0,0,0,1,1,0,0,9,1,1,0,0,1,1,1,1,1,0,1
145,1,0,0,0,1,1,0,0,9,1,1,0,0,1,1,1,1,1,0,1
146,0,1,1,1,9,0,1,1,1,0,9,1,1,0,0,0,0,0,1,0
147,0,1,0,1,0,0,1,1,1,0,0,1,1,0,0,0,0,0,1,0
148,0,1,0,1,0,0,1,1,1,0,0,1,1,0,0,0,0,0,9,0
149,0,9,0,2,0,1,2,1,1,1,0,2,2,1,1,0,0,1,2,1
150,2,0,1,0,2,1,0,1,1,1,9,0,0,1,1,2,2,1,0,1
151,2,0,9,0,2,1,0,1,1,1,2,9,0,1,1,2,2,1,0,9
152,2,0,2,9,2,1,9,1,1,1,9,0,0,1,1,2,9,1,0,1
153,2,0,1,0,2,1,0,1,1,1,2,0,0,1,1,9,2,1,0,9
154,0,1,1,1,0,0,1,1,1,0,0,1,1,0,0,0,1,0,1,0
155,0,1,1,1,0,0,1,1,1,0,0,1,1,0,0,0,0,0,1,0
156,0,1,0,1,0,0,1,1,1,0,0,1,1,0,0,0,0,9,9,0
157,0,9,1,1,0,0,1,1,1,0,9,1,1,0,0,0,0,0,1,0
158,2,0,2,0,2,1,0,1,1,1,2,0,0,1,1,2,2,1,0,1
159,0,1,9,1,0,0,1,1,1,0,9,1,1,9,0,9,0,0,1,0
160,1,0,0,0,1,1,0,0,0,1,1,0,0,1,1,1,1,1,0,1
161,1,0,0,0,1,1,0,0,0,1,1,0,0,0,1,1,1,1,0,1
162,1,0,0,0,9,1,0,0,0,1,1,0,0,0,9,1,1,1,0,1
163,1,0,0,0,1,1,0,0,9,1,1,0,0,1,1,9,1,1,0,1
164,0,1,0,1,0,0,1,1,1,0,0,1,1,0,0,0,0,0,1,0
165,0,1,0,1,0,0,9,1,1,0,9,1,1,0,0,0,0,9,9,0
166,0,9,0,1,0,0,1,1,1,0,0,1,1,0,0,9,0,9,0,0
167,0,1,9,1,9,9,1,1,1,0,0,1,1,0,9,0,0,0,0,0
168,2,0,2,0,2,1,1,1,1,1,9,0,0,1,1,2,9,1,1,1
169,0,2,0,2,0,1,1,1,1,1,0,2,2,1,1,0,0,1,1,1
170,0,1,0,1,0,0,1,1,1,0,9,1,1,0,0,0,0,9,0,0
171,0,1,0,1,0,0,1,1,1,0,0,1,1,0,0,0,0,0,0,0
172,2,0,2,0,2,1,1,1,1,1,2,0,0,1,1,2,2,1,1,1
173,1,0,0,0,1,1,0,0,0,1,9,0,0,1,1,1,1,1,1,1
174,1,0,1,0,1,1,0,0,0,1,1,0,0,1,1,1,1,1,1,1
175,1,1,0,1,1,2,0,0,0,2,1,1,1,2,2,1,1,2,2,9
176,0,1,0,1,0,1,0,0,0,1,0,1,1,1,1,0,0,1,1,1
177,1,0,9,0,1,1,0,0,0,1,1,9,0,1,1,1,1,1,1,1
178,1,9,1,0,1,1,0,0,9,1,1,0,1,1,1,0,1,1,1,1
179,1,0,1,0,1,1,0,0,0,1,1,0,0,1,1,1,1,1,1,1
180,1,0,1,0,1,1,9,0,0,1,1,0,0,1,9,1,1,1,1,1
181,1,0,1,0,1,1,0,0,0,1,1,9,0,1,1,1,1,1,1,1
182,1,0,0,0,1,1,0,0,0,1,1,0,0,1,1,9,1,1,1,1
183,1,0,0,0,1,1,0,0,9,1,9,0,0,1,1,1,1,1,1,1
184,1,0,1,0,1,0,1,0,1,0,1,0,9,0,0,1,1,9,0,0
185,1,0,1,0,1,0,1,1,1,0,1,0,0,9,0,1,1,0,0,0
186,1,1,2,1,1,1,2,9,2,0,1,9,1,9,0,9,1,9,0,0
187,1,1,0,1,1,1,0,0,0,2,1,1,1,2,2,1,1,2,2,2
188,9,0,0,0,9,9,0,0,0,1,1,0,0,1,1,1,1,1,1,1
189,1,0,0,0,1,0,0,0,9,1,1,0,9,1,1,9,9,1,9,1
190,0,1,1,1,0,1,9,1,1,0,9,1,1,0,0,0,0,0,0,0
191,0,2,1,2,0,2,1,1,9,1,0,2,2,1,1,0,0,1,1,1
192,0,1,1,1,0,1,1,1,9,0,0,1,1,0,0,0,0,9,0,0
193,0,1,1,1,0,1,1,1,1,0,0,1,1,0,0,0,0,0,9,0
194,0,1,1,1,0,1,1,1,0,0,0,1,1,0,0,0,0,9,0,0
195,1,0,9,0,1,0,1,1,1,0,1,0,0,9,0,1,9,0,0,0
196,0,1,0,1,0,1,9,1,1,0,0,1,1,0,0,0,0,0,0,0
197,0,9,1,1,0,1,1,1,1,0,0,1,1,0,0,0,9,0,0,0
198,1,1,2,1,1,9,2,2,9,0,9,1,9,0,0,1,1,0,0,0
199,0,1,0,1,0,1,1,1,1,0,0,1,1,0,0,0,0,9,0,0
200,0,1,0,1,0,1,1,1,1,0,0,1,9,0,0,0,0,0,0,9
